TIME,IR_TEMP,K_TEMP,RAMP_TEMP,RAMP_SETPOINT
1621195226.9049995,23.4,32.0,30.25132073296441,29.099998474121094
1621195237.1747403,23.4,32.1,30.576400756835938,29.099998474121094
1621195247.34497,23.4,32.0,30.544696384006077,29.099998474121094
1621195257.5161705,23.4,32.1,30.279956393771702,29.099998474121094
1621195267.7858171,23.4,32.1,30.29186248779297,29.099998474121094
1621195277.9564626,23.4,32.0,30.570140414767796,29.099998474121094
1621195288.2278228,23.4,32.0,30.2977540757921,29.099998474121094
1621195298.398598,23.4,32.1,30.311906602647568,29.099998474121094
1621195308.8081362,23.4,32.1,30.452745225694443,29.099998474121094
1621195319.0786617,23.4,32.1,30.484191046820747,29.099998474121094
1621195329.2497203,23.4,32.0,30.496436225043404,29.099998474121094
1621195339.521211,23.4,32.1,30.429047478569878,29.099998474121094
1621195349.691939,23.4,32.1,30.503205193413628,29.099998474121094
1621195360.1017416,23.5,32.1,30.541703965928818,27.099999321831596
1621195370.3723094,23.4,32.0,30.30267079671224,27.099999321831596
1621195380.5434525,23.4,32.0,30.573755900065102,27.099999321831596
1621195390.8156905,23.4,32.0,30.36446041531033,27.099999321831596
1621195400.9868042,23.4,32.1,30.29933081732856,26.599998474121094
1621195411.396841,23.4,32.0,30.24431440565321,26.599998474121094
1621195421.6675508,23.4,32.1,30.29521942138672,26.599998474121094
1621195431.7781518,23.4,32.0,30.475997924804688,26.599998474121094
1621195442.0497792,23.4,32.0,30.291637844509548,26.599998474121094
1621195452.220949,23.4,32.0,30.40519290500217,26.599998474121094
1621195462.491589,23.4,32.1,30.356886121961804,26.599998474121094
1621195472.664201,23.4,32.0,30.49283769395616,26.599998474121094
1621195482.8354092,23.4,32.0,30.331107245551216,26.599998474121094
1621195493.1059866,23.4,32.1,30.428551567925346,26.599998474121094
1621195503.278498,23.4,32.1,30.542577107747395,26.599998474121094
1621195513.5491116,23.5,32.0,30.333769056532116,26.599998474121094
1621195523.7204802,23.5,32.1,30.514611138237846,26.599998474121094
1621195533.8931575,23.4,32.1,30.243314107259113,26.599998474121094
1621195544.163369,23.4,32.0,30.246319240993923,26.599998474121094
1621195554.334992,23.4,32.0,30.51540798611111,26.599998474121094
1621195564.6067097,23.4,32.0,30.515013800726997,26.599998474121094
1621195574.7778413,23.4,32.0,30.337600708007812,26.599998474121094
1621195585.1875575,23.4,32.0,30.342564053005642,26.599998474121094
1621195595.4580348,23.4,32.0,30.526750352647568,26.599998474121094
1621195605.629069,23.4,32.0,30.538631015353733,26.599998474121094
1621195615.9004729,23.4,32.1,30.492723253038193,26.599998474121094
1621195626.0715916,23.5,32.1,30.42949676513672,26.599998474121094
1621195636.4813561,23.4,31.9,30.419002109103733,26.599998474121094
1621195646.7514648,23.4,32.1,30.279630025227863,26.599998474121094
1621195656.9225907,23.4,32.0,30.5656984117296,26.599998474121094
1621195667.1939824,23.4,32.0,30.199805365668404,26.599998474121094
1621195677.3650525,23.4,32.0,30.47618865966797,26.599998474121094
1621195687.7747169,23.4,32.0,30.29725392659505,26.599998474121094
1621195698.0450459,23.5,31.9,30.284135606553818,26.599998474121094
1621195708.2161386,23.5,32.0,30.547027587890625,26.599998474121094
1621195718.4875276,23.5,32.0,30.282194349500866,26.599998474121094
1621195728.6580784,23.4,32.0,30.27774386935764,26.599998474121094
1621195739.0679457,23.4,32.1,30.47854953342014,26.599998474121094
1621195749.3381834,23.4,32.0,30.28283437093099,26.599998474121094
1621195759.5091414,23.4,32.0,30.29996660020616,26.599998474121094
1621195769.7806404,23.4,32.0,30.278422037760414,26.599998474121094
1621195779.951743,23.4,31.9,30.46872880723741,26.599998474121094
1621195790.361409,23.4,32.0,30.505010816786022,26.599998474121094
1621195800.6316242,23.4,32.0,30.502166748046875,26.599998474121094
1621195810.8026352,23.4,32.0,30.444713168674046,26.599998474121094
1621195821.0740426,23.4,32.0,30.30207316080729,26.599998474121094
1621195831.244908,23.4,32.0,30.509084065755207,26.599998474121094
1621195841.6548429,23.4,32.0,30.2550294664171,26.599998474121094
1621195851.9250522,23.4,32.0,30.24807400173611,26.599998474121094
1621195862.0959287,23.4,32.0,30.301746792263454,26.599998474121094
1621195872.367302,23.4,32.0,30.497364468044704,26.599998474121094
1621195882.5382802,23.4,32.0,30.47499338785807,26.599998474121094
1621195892.947761,23.4,32.0,30.465901692708332,26.599998474121094
1621195903.2179844,23.4,32.0,30.231785244411892,26.599998474121094
1621195913.389091,23.4,32.0,30.41328854031033,26.599998474121094
1621195923.6610696,23.4,31.9,30.42847951253255,26.599998474121094
1621195933.8318832,23.4,32.0,30.162501864963108,26.599998474121094
1621195944.241968,23.4,32.0,30.499530368381077,26.599998474121094
1621195954.5126493,23.5,32.0,30.33861372205946,26.599998474121094
1621195964.6838102,23.4,31.9,30.260187784830727,26.599998474121094
1621195974.955854,23.4,32.0,30.26283688015408,26.599998474121094
1621195985.1269958,23.4,32.0,30.209130181206596,26.599998474121094
1621195995.537147,23.4,31.9,30.222129821777344,26.599998474121094
1621196005.8077188,23.4,32.0,30.248468187120224,26.599998474121094
1621196015.9792304,23.4,31.9,30.208426581488716,26.599998474121094
1621196026.1902514,23.4,31.9,30.371415879991318,26.599998474121094
1621196036.3616443,23.4,31.9,30.218031141493054,26.599998474121094
1621196046.6324685,23.4,31.9,30.130140516493054,26.599998474121094
1621196056.80481,23.4,32.0,30.238617791069878,26.599998474121094
1621196066.9761214,23.4,31.9,30.404908921983505,26.599998474121094
1621196077.2468703,23.4,31.9,30.37428538004557,26.599998474121094
1621196087.4196403,23.5,31.9,30.292523701985676,26.599998474121094
1621196097.6904128,23.4,31.9,30.343199835883247,26.599998474121094
1621196107.8620217,23.5,31.9,30.500335693359375,26.599998474121094
1621196118.0345483,23.4,31.9,30.316149393717446,26.599998474121094
1621196128.3052619,23.4,31.9,30.20412868923611,26.599998474121094
1621196138.4765017,23.4,31.9,30.216666327582466,26.599998474121094
1621196148.74838,23.4,31.9,30.240813361273872,26.599998474121094
1621196158.9195583,23.4,31.9,30.391752454969616,26.599998474121094
1621196169.329768,23.4,31.9,30.26123046875,26.599998474121094
1621196179.6007133,23.4,31.9,30.192875332302517,26.599998474121094
1621196189.7715821,23.4,31.9,30.441580878363716,26.599998474121094
1621196200.0434031,23.4,31.9,30.106798807779946,26.599998474121094
1621196210.2143314,23.5,31.9,30.352643330891926,26.599998474121094
1621196220.6243362,23.4,31.9,30.187793307834202,26.599998474121094
1621196230.8947031,23.4,31.9,30.358801947699654,26.599998474121094
1621196241.065539,23.4,31.9,30.130348205566406,26.599998474121094
1621196251.336952,23.4,31.9,30.364985995822483,26.599998474121094
1621196261.507892,23.4,31.9,30.161382887098522,26.599998474121094
1621196271.9174905,23.4,31.9,30.314593844943577,26.599998474121094
1621196282.1875906,23.4,31.9,30.335803561740452,26.599998474121094
1621196292.3586183,23.4,31.9,30.252842373318142,26.599998474121094
1621196302.6299832,23.4,31.9,30.47178056504991,26.599998474121094
1621196312.80075,23.4,31.9,30.421553717719185,26.599998474121094
1621196323.2106113,23.4,31.9,30.3933842976888,26.599998474121094
1621196333.4806943,23.4,31.9,30.30115763346354,26.599998474121094
1621196343.6514082,23.4,31.9,30.33349355061849,26.599998474121094
1621196353.9226947,23.4,31.9,30.265252855088974,26.599998474121094
1621196364.093487,23.4,31.9,30.21198272705078,26.599998474121094
1621196374.502769,23.4,31.9,30.18235100640191,26.599998474121094
1621196384.7728634,23.4,31.9,30.41563245985243,26.599998474121094
1621196394.9433672,23.4,31.9,30.27677747938368,26.599998474121094
1621196405.214855,23.4,31.9,30.352935791015625,26.599998474121094
1621196415.3856196,23.4,31.9,30.152147081163193,26.599998474121094
1621196425.7952187,23.4,31.9,30.33974117702908,26.599998474121094
1621196436.0654376,23.4,31.9,30.12601640489366,26.599998474121094
1621196446.236117,23.4,31.9,30.261010064019096,26.599998474121094
1621196456.5076594,23.4,31.9,30.220976935492622,26.599998474121094
1621196466.6783252,23.4,31.9,30.18120659722222,26.599998474121094
1621196477.088111,23.4,31.9,30.140274895562065,26.599998474121094
1621196487.3577142,23.4,31.9,30.156563652886284,26.599998474121094
1621196497.528409,23.4,31.9,30.300030178493923,26.599998474121094
1621196507.7993953,23.4,31.9,30.148417154947914,26.599998474121094
1621196517.9702003,23.4,31.9,30.369411044650608,26.599998474121094
1621196528.3798988,23.4,31.8,30.37595960828993,26.599998474121094
1621196538.6495519,23.4,31.9,30.42758517795139,26.599998474121094
1621196548.820146,23.4,31.9,30.147705078125,26.599998474121094
1621196559.0912406,23.4,31.9,30.274840460883247,26.599998474121094
1621196569.2619793,23.4,31.9,30.120849609375,26.599998474121094
1621196579.6715472,23.4,31.8,30.399886237250435,26.599998474121094
1621196589.941743,23.4,31.9,30.131437513563366,26.599998474121094
1621196600.1124728,23.4,31.9,30.239461263020832,26.599998474121094
1621196610.3226812,23.4,31.9,30.344924926757812,26.599998474121094
1621196620.4937744,23.4,31.9,30.112321641710068,26.599998474121094
1621196630.7636998,23.4,31.9,30.292430453830296,26.599998474121094
1621196640.9355135,23.4,31.9,30.326995849609375,26.599998474121094
1621196651.1062722,23.4,31.9,30.309804280598957,26.599998474121094
1621196661.3764915,23.4,31.9,30.29277801513672,26.599998474121094
1621196671.548388,23.4,31.9,30.166261461046005,26.599998474121094
1621196681.8188615,23.4,31.9,30.181554158528645,26.599998474121094
1621196691.9897308,23.4,31.9,30.257144504123264,26.599998474121094
1621196702.1615508,23.4,31.8,30.274022420247395,26.599998474121094
1621196712.4318955,23.5,31.8,30.38055419921875,26.599998474121094
1621196722.6026037,23.4,31.9,30.09317186143663,26.599998474121094
1621196732.8741019,23.4,31.9,30.090933905707466,26.599998474121094
1621196743.04467,23.4,31.9,30.30906253390842,26.599998474121094
1621196753.4543858,23.5,31.8,30.35190158420139,26.599998474121094
1621196763.7245247,23.4,31.8,30.1073243882921,26.599998474121094
1621196773.8956296,23.4,31.9,30.287047492133247,26.599998474121094
1621196784.167046,23.5,31.8,30.36399417453342,26.599998474121094
1621196794.337769,23.4,31.8,30.259034898546005,26.599998474121094
1621196804.7474086,23.5,31.8,30.286165873209633,26.599998474121094
1621196815.0176024,23.4,31.8,30.195931328667534,26.599998474121094
1621196825.1883044,23.4,31.8,30.165600246853298,26.599998474121094
1621196835.459766,23.4,31.9,30.159678988986546,26.599998474121094
1621196845.6304166,23.4,31.7,30.35327911376953,26.599998474121094
1621196856.0400033,23.4,31.8,30.31704372829861,26.599998474121094
1621196866.3100069,23.4,31.8,30.071182250976562,26.599998474121094
1621196876.4809458,23.5,31.7,30.168575710720486,26.599998474121094
1621196886.75235,23.4,31.8,30.301068623860676,26.599998474121094
1621196896.9229324,23.4,31.8,30.230878194173176,26.599998474121094
1621196907.3325868,23.4,31.8,30.067465040418835,26.599998474121094
1621196917.6026566,23.4,31.8,30.116572909884983,26.599998474121094
1621196927.7733788,23.4,31.8,30.182295905219185,26.599998474121094
1621196938.0447402,23.4,31.8,30.061030917697483,26.599998474121094
1621196948.215338,23.4,31.8,30.13257344563802,26.599998474121094
1621196958.6246934,23.4,31.8,30.32571580674913,26.599998474121094
1621196968.8947837,23.4,31.8,30.052765740288628,26.599998474121094
1621196979.0654984,23.4,31.8,30.177718268500435,26.599998474121094
1621196989.3368008,23.4,31.8,30.267711215549046,26.599998474121094
1621196999.5073915,23.4,31.8,29.989263746473522,26.599998474121094
1621197009.916946,23.4,31.8,30.21085951063368,26.599998474121094
1621197020.187046,23.4,31.7,30.068897671169704,26.599998474121094
1621197030.3576531,23.4,31.8,30.269733005099827,26.599998474121094
1621197040.6290224,23.4,31.7,30.145445929633247,26.599998474121094
1621197050.799469,23.4,31.8,30.061191982693142,26.599998474121094
1621197061.2087386,23.4,31.7,30.263515048556858,26.599998474121094
1621197071.4786255,23.4,31.8,30.013012356228298,26.599998474121094
1621197081.6490557,23.4,31.8,30.258806016710068,26.599998474121094
1621197091.9204183,23.4,31.7,30.29152340359158,26.599998474121094
1621197102.0908887,23.4,31.7,30.193261040581596,26.599998474121094
1621197112.5002363,23.4,31.7,30.030602349175346,26.599998474121094
1621197122.7699664,23.4,31.7,29.997893439398872,26.599998474121094
1621197132.9403331,23.4,31.7,29.96629926893446,26.599998474121094
1621197143.2116373,23.4,31.7,30.21683586968316,26.599998474121094
1621197153.382209,23.4,31.7,30.226224263509113,26.599998474121094
1621197163.7914512,23.4,31.7,29.978243509928383,26.599998474121094
1621197174.061198,23.4,31.7,30.064892239040798,26.599998474121094
1621197184.2315352,23.4,31.7,30.167910257975258,26.599998474121094
1621197194.50259,23.4,31.7,30.264710320366753,26.599998474121094
1621197204.612484,23.4,31.7,30.14244927300347,26.599998474121094
1621197214.882668,23.4,31.7,30.278099907769096,26.599998474121094
1621197225.054353,23.3,31.7,30.30022515190972,26.599998474121094
1621197235.2247522,23.4,31.7,29.9868901570638,26.599998474121094
1621197245.4945529,23.4,31.7,30.046382480197483,26.599998474121094
1621197255.666494,23.4,31.7,30.000661214192707,26.599998474121094
1621197265.9364321,23.4,31.7,30.18315209282769,26.599998474121094
1621197276.1070786,23.4,31.7,30.049040052625866,26.599998474121094
1621197286.2789376,23.4,31.7,30.030810038248696,26.599998474121094
1621197296.5490205,23.4,31.7,30.01082102457682,26.599998474121094
1621197306.7194026,23.4,31.7,30.233306884765625,26.599998474121094
1621197316.9909697,23.4,31.7,30.005408393012154,26.599998474121094
1621197327.1613405,23.4,31.7,29.96596018473307,26.599998474121094
1621197337.5705454,23.4,31.7,30.279384189181858,26.599998474121094
1621197347.8406284,23.4,31.6,30.168062845865883,26.599998474121094
1621197358.0114639,23.4,31.6,30.23657904730903,26.599998474121094
1621197368.2828295,23.4,31.6,30.21216498480903,26.599998474121094
1621197378.4532733,23.4,31.7,29.926617940266926,26.599998474121094
1621197388.8628402,23.4,31.7,29.957470364040798,26.599998474121094
1621197399.1328087,23.4,31.6,30.244496663411457,26.599998474121094
1621197409.3035564,23.4,31.7,30.2761967976888,26.599998474121094
1621197419.5746224,23.4,31.6,29.972991943359375,26.599998474121094
1621197429.7457268,23.4,31.7,30.108549329969616,26.599998474121094
1621197440.1549997,23.4,31.7,30.032085842556423,26.599998474121094
1621197450.42498,23.4,31.7,29.945835537380642,26.599998474121094
1621197460.595459,23.3,31.7,29.894239637586804,26.599998474121094
1621197470.866717,23.4,31.7,30.240919325086804,26.599998474121094
1621197481.0377765,23.4,31.7,29.928978814019096,26.599998474121094
1621197491.447561,23.4,31.6,30.200203789605034,26.599998474121094
1621197501.7173655,23.4,31.6,30.222418043348522,26.599998474121094
1621197511.8881109,23.4,31.7,30.047412448459202,26.599998474121094
1621197522.1594417,23.4,31.6,30.178739759657116,26.599998474121094
1621197532.330366,23.4,31.6,30.210791693793404,26.599998474121094
1621197542.7398243,23.4,31.6,30.24049123128255,26.599998474121094
1621197553.0101304,23.4,31.7,29.948726230197483,26.599998474121094
1621197563.1805904,23.4,31.7,30.236312018500435,26.599998474121094
1621197573.4519591,23.4,31.6,29.983707004123264,26.599998474121094
1621197583.622734,23.4,31.6,30.213898552788628,26.599998474121094
1621197594.032182,23.4,31.7,29.993616739908852,26.599998474121094
1621197604.3022811,23.4,31.6,30.152380201551647,26.599998474121094
1621197614.4730144,23.4,31.6,29.99810536702474,26.599998474121094
1621197624.7443802,23.4,31.6,30.120764838324654,26.599998474121094
1621197634.915002,23.4,31.7,29.92527855767144,26.599998474121094
1621197645.3246274,23.4,31.7,30.25480058458116,26.599998474121094
1621197655.594627,23.4,31.7,29.994049072265625,26.599998474121094
1621197665.765326,23.4,31.6,30.110821194118923,26.599998474121094
1621197676.0367699,23.4,31.6,30.185305277506508,25.600001017252602
1621197686.2070057,23.4,31.6,29.995227389865452,25.600001017252602
1621197696.616548,23.4,31.6,30.076755947536892,25.600001017252602
1621197706.8863544,23.4,31.6,29.9553468492296,25.600001017252602
1621197717.0569694,23.4,31.6,30.184682210286457,25.600001017252602
1621197727.3281221,23.4,31.6,30.16147189670139,25.600001017252602
1621197737.4989471,23.4,31.6,30.167753431532116,25.600001017252602
1621197747.9084747,23.4,31.6,30.073157416449654,25.600001017252602
1621197758.1785588,23.4,31.6,30.18845452202691,25.600001017252602
1621197768.3495631,23.4,31.6,29.922222561306423,25.600001017252602
1621197778.6207392,23.5,31.6,30.12884351942274,25.600001017252602
1621197788.7912648,23.4,31.6,30.169796413845486,25.600001017252602
1621197799.0007474,23.4,31.6,29.97289869520399,25.600001017252602
1621197809.172615,23.4,31.6,29.935404459635414,25.600001017252602
1621197819.3432412,23.4,31.6,30.076366000705296,25.600001017252602
1621197829.6131532,23.4,31.6,29.873373243543835,25.600001017252602
1621197839.7844074,23.4,31.6,29.985449049207897,25.600001017252602
1621197850.0543277,23.4,31.6,30.063930087619358,25.600001017252602
1621197860.2246654,23.4,31.6,30.06708780924479,25.600001017252602
1621197870.3965743,23.4,31.6,29.898406134711372,25.600001017252602
1621197880.6666937,23.4,31.6,29.89231957329644,25.600001017252602
1621197890.8363447,23.4,31.6,30.15677981906467,25.600001017252602
1621197901.1070993,23.4,31.6,30.206786261664497,25.600001017252602
1621197911.277768,23.4,31.6,29.859848022460938,25.600001017252602
1621197921.687435,23.4,31.6,29.951447380913628,25.600001017252602
1621197931.9575677,23.4,31.6,29.945178561740452,25.600001017252602
1621197942.1284084,23.4,31.6,30.022960238986546,25.600001017252602
1621197952.4001014,23.4,31.6,30.09686787923177,25.600001017252602
1621197962.5710082,23.4,31.6,30.170508490668404,25.600001017252602
1621197972.9810314,23.4,31.6,30.067554050021702,25.600001017252602
1621197983.2515693,23.4,31.6,29.918992784288193,25.600001017252602
1621197993.4228933,23.4,31.6,29.939375983344185,25.600001017252602
1621198003.6948833,23.4,31.6,30.0058110555013,25.600001017252602
1621198013.8662193,23.4,31.6,30.120535956488716,25.600001017252602
1621198024.276479,23.4,31.6,30.081329345703125,25.600001017252602
1621198034.54675,23.3,31.6,29.880570305718315,25.600001017252602
1621198044.7176075,23.4,31.6,30.091256035698784,25.600001017252602
1621198054.9886386,23.4,31.6,30.125817192925346,25.600001017252602
1621198065.1593013,23.4,31.6,29.875411987304688,25.600001017252602
1621198075.5689988,23.3,31.6,30.12976752387153,25.600001017252602
1621198085.8384912,23.4,31.6,29.87725151909722,25.600001017252602
1621198096.009528,23.4,31.6,30.117535061306423,25.600001017252602
1621198106.2816567,23.4,31.6,30.16949971516927,25.600001017252602
1621198116.4529958,23.4,31.6,29.873852199978298,25.600001017252602
1621198126.8628519,23.4,31.6,30.19301096598307,25.600001017252602
1621198137.133338,23.4,31.6,29.897164238823784,25.600001017252602
1621198147.3046067,23.4,31.6,29.957970513237846,25.600001017252602
1621198157.5765917,23.4,31.6,30.0102784898546,25.600001017252602
1621198167.7477992,23.4,31.6,30.02986060248481,25.600001017252602
1621198178.1576622,23.4,31.6,30.096520317925346,25.600001017252602
1621198188.4283128,23.4,31.6,29.90410698784722,25.600001017252602
1621198198.599274,23.4,31.6,29.804751078287758,25.600001017252602
1621198208.8711245,23.4,31.6,29.859848022460938,25.600001017252602
1621198219.0421538,23.4,31.6,29.89389207628038,25.600001017252602
1621198229.451736,23.4,31.6,30.027843051486546,25.600001017252602
1621198239.7214954,23.4,31.6,29.896553887261284,25.600001017252602
1621198249.8923912,23.4,31.6,29.925130208333332,25.600001017252602
1621198260.1637774,23.4,31.6,29.883927239312065,25.600001017252602
1621198270.3350253,23.4,31.6,30.184423658582897,25.600001017252602
1621198280.7445924,23.4,31.5,30.07175021701389,25.600001017252602
1621198291.014135,23.4,31.5,30.05711449517144,25.600001017252602
1621198301.1850882,23.4,31.5,30.07582346598307,25.600001017252602
1621198311.4561303,23.4,31.5,29.838163587782116,25.600001017252602
1621198321.6256914,23.4,31.5,29.98265160454644,25.600001017252602
1621198332.0352674,23.4,31.6,29.832229614257812,25.600001017252602
1621198342.3050554,23.4,31.5,30.059471130371094,25.600001017252602
1621198352.4747803,23.3,31.5,30.064892239040798,25.600001017252602
1621198362.74564,23.3,31.5,30.086258782280815,25.600001017252602
1621198372.9164085,23.4,31.6,29.889441596137154,25.600001017252602
1621198383.126224,23.4,31.6,29.886275397406685,25.600001017252602
1621198393.2973785,23.3,31.5,30.02387152777778,25.600001017252602
1621198403.4676285,23.4,31.5,29.75773705376519,25.600001017252602
1621198413.7370086,23.4,31.6,29.848980373806423,25.600001017252602
1621198423.908372,23.3,31.5,29.88199022081163,25.600001017252602
1621198434.1775846,23.4,31.5,29.834501478407116,25.600001017252602
1621198444.347485,23.4,31.6,29.90222930908203,25.600001017252602
1621198454.5188742,23.2,31.5,30.016674465603298,25.600001017252602
1621198464.7882762,23.3,31.5,30.005065070258247,25.600001017252602
1621198474.9578085,23.3,31.4,30.057576497395832,25.600001017252602
1621198485.2282474,23.4,31.5,29.82242160373264,25.600001017252602
1621198495.3978243,23.3,31.5,30.062039693196613,25.600001017252602
1621198505.8068078,23.4,31.5,30.001801384819878,25.600001017252602
1621198516.0761354,23.4,31.5,29.88472408718533,25.600001017252602
1621198526.246144,23.4,31.5,29.771847195095486,25.600001017252602
1621198536.516804,23.3,31.5,29.733734130859375,25.600001017252602
1621198546.6867592,23.4,31.5,30.08813222249349,25.600001017252602
1621198557.0954065,23.4,31.5,30.026541815863716,25.600001017252602
1621198567.366224,23.4,31.5,29.967871771918404,25.600001017252602
1621198577.5367703,23.4,31.4,29.928851657443577,25.600001017252602
1621198587.807952,23.3,31.5,30.05054473876953,25.600001017252602
1621198597.9784698,23.4,31.6,30.082672966851128,25.600001017252602
1621198608.3881295,23.4,31.4,29.766065809461804,25.600001017252602
1621198618.6576083,23.4,31.5,29.869261847601997,25.600001017252602
1621198628.8283353,23.2,31.5,29.718551635742188,25.600001017252602
1621198639.0997617,23.4,31.4,29.812223646375866,25.600001017252602
1621198649.2702544,23.4,31.5,30.03623538547092,25.600001017252602
1621198659.6801412,23.3,31.5,29.83695560031467,25.600001017252602
1621198669.9497492,23.4,31.4,29.82694837782118,25.600001017252602
1621198680.1205835,23.4,31.4,30.046212938096787,25.600001017252602
1621198690.392302,23.4,31.5,29.83738793267144,25.600001017252602
1621198700.5628633,23.2,31.4,29.772550794813366,25.600001017252602
1621198710.9729664,23.4,31.4,29.786864386664497,25.600001017252602
1621198721.2433288,23.4,31.5,29.7390874226888,25.600001017252602
1621198731.414587,23.4,31.4,29.742868211534287,25.600001017252602
1621198741.6859722,23.4,31.4,29.807679918077255,25.600001017252602
1621198751.857068,23.4,31.4,29.830644395616318,25.600001017252602
1621198762.267063,23.4,31.4,29.771016438802082,25.600001017252602
1621198772.5372436,23.4,31.4,29.990297953287758,25.600001017252602
1621198782.7085438,23.4,31.5,29.74483913845486,25.600001017252602
1621198792.9801884,23.4,31.4,29.892743428548176,25.600001017252602
1621198803.1512744,23.4,31.4,29.870838589138454,25.600001017252602
1621198813.5614145,23.4,31.4,29.786067538791233,25.600001017252602
1621198823.8319826,23.4,31.5,29.877086215549046,25.600001017252602
1621198834.003026,23.4,31.4,29.977887471516926,25.600001017252602
1621198844.2748048,23.4,31.5,29.960119459364147,25.600001017252602
1621198854.446017,23.4,31.4,29.717496236165363,25.600001017252602
1621198864.8553996,23.4,31.4,29.96670193142361,25.500000847710503
1621198875.1253808,23.4,31.4,29.687025282118054,25.500000847710503
1621198885.2961812,23.4,31.4,29.825333489312065,25.500000847710503
1621198895.5679395,23.4,31.4,29.971775478786892,25.500000847710503
1621198905.7389736,23.5,31.4,29.903348286946613,25.500000847710503
1621198916.1491165,23.2,31.4,29.90767161051432,25.500000847710503
1621198926.419125,23.3,31.4,29.90258110894097,25.500000847710503
1621198936.5902407,23.4,31.4,29.976658291286892,25.500000847710503
1621198946.8615682,51.2,5964.9,29.939931233723957,25.500000847710503
1621198957.0332406,23.4,31.4,29.95277828640408,25.500000847710503
1621198967.442984,23.2,31.4,29.619000752766926,25.500000847710503
1621198977.6519341,23.4,31.4,29.906544155544704,25.500000847710503
1621198987.8226223,23.4,31.4,29.75278642442491,25.500000847710503
1621198998.0946128,23.4,31.4,29.70841301812066,25.500000847710503
1621199008.2656019,23.4,31.4,29.763429429796005,25.500000847710503
1621199018.5362875,23.4,31.4,29.962052239312065,25.500000847710503
1621199028.7086854,23.4,31.4,29.887330796983505,25.500000847710503
1621199038.879502,23.4,31.4,29.84095679389106,25.500000847710503
1621199049.1497474,23.4,31.3,29.724960327148438,25.500000847710503
1621199059.3216162,23.4,31.3,29.87428029378255,25.500000847710503
1621199069.5920787,23.4,31.4,29.992294311523438,25.500000847710503
1621199079.7628808,23.4,31.3,29.650908576117622,25.500000847710503
1621199089.9343603,23.4,31.3,29.788360595703125,25.500000847710503
1621199100.203566,23.2,31.3,29.763141208224827,25.500000847710503
1621199110.3746243,23.4,31.3,29.750311109754772,25.500000847710503
1621199120.6453905,23.4,31.3,29.919484456380207,25.500000847710503
1621199130.8162389,23.4,31.4,29.939757453070747,25.500000847710503
1621199141.2251182,23.4,31.4,29.898351033528645,25.500000847710503
1621199151.495443,23.3,31.3,29.70839606391059,25.500000847710503
1621199161.6662247,23.4,31.3,29.94887457953559,25.500000847710503
1621199171.9349544,0.0,77.0,29.929703606499565,25.500000847710503
1621199182.1080885,23.4,31.4,29.958932664659287,25.500000847710503
1621199192.5179358,23.4,31.4,29.941762288411457,25.500000847710503
1621199202.7882361,23.4,31.3,29.935679965549046,25.500000847710503
1621199212.9583535,23.3,31.3,29.756592644585503,25.500000847710503
1621199223.229642,23.3,31.4,29.928991529676647,25.500000847710503
1621199233.400286,23.4,31.3,29.66956244574653,25.500000847710503
1621199243.8100412,23.3,31.3,29.72542232937283,25.500000847710503
1621199254.0797324,23.4,31.4,29.68787299262153,25.500000847710503
1621199264.250246,23.4,31.3,29.703102111816406,25.500000847710503
1621199274.5219023,23.4,31.3,29.835175408257378,25.500000847710503
1621199284.6929991,23.4,31.4,29.88501654730903,25.500000847710503
1621199295.1024134,23.3,31.3,29.704246520996094,25.500000847710503
1621199305.372442,23.4,31.3,29.632496303982204,25.500000847710503
1621199315.5430675,23.2,31.3,29.656037224663628,25.500000847710503
1621199325.8150306,23.4,31.3,29.953609042697483,25.500000847710503
1621199335.9861193,23.4,31.3,29.70228830973307,25.500000847710503
1621199346.396396,23.4,31.3,29.87718794080946,25.500000847710503
1621199356.6664267,23.4,31.3,29.963599310980904,25.500000847710503
1621199366.8378358,23.4,31.3,29.867396884494358,25.500000847710503
1621199377.1093526,23.4,31.3,29.746360778808594,25.500000847710503
1621199387.2806652,23.3,31.3,29.64125315348307,25.500000847710503
1621199397.6892517,77.0,23.2,29.75982666015625,25.500000847710503
1621199407.9606555,23.4,31.3,29.88337622748481,25.500000847710503
1621199418.131578,23.4,31.3,29.949942694769966,25.500000847710503
1621199428.4030445,23.4,31.3,29.800266689724392,25.500000847710503
1621199438.5742385,23.4,31.3,29.934679667154946,25.500000847710503
1621199448.9842787,23.3,31.3,29.706734551323784,25.500000847710503
1621199459.2545896,23.4,31.3,29.685435824924046,25.500000847710503
1621199469.4256263,23.4,31.3,29.70145755343967,25.500000847710503
1621199479.6971114,23.3,31.3,29.69550238715278,25.500000847710503
1621199489.8681295,23.4,31.3,29.78377448187934,25.500000847710503
1621199500.2783298,23.4,31.3,29.692738850911457,25.500000847710503
1621199510.5490334,23.4,31.3,29.929606119791664,25.500000847710503
1621199520.7197738,23.4,31.3,29.88583034939236,25.500000847710503
1621199530.9917881,23.4,31.3,29.75944095187717,25.500000847710503
1621199541.1629589,23.4,31.3,29.772970411512585,25.500000847710503
1621199551.5731387,23.4,31.3,29.68446095784505,25.500000847710503
1621199561.7794142,23.4,31.3,29.99259524875217,25.500000847710503
1621199571.9538338,23.4,31.3,29.657609727647568,25.500000847710503
1621199582.2257435,23.4,31.3,29.78035396999783,25.500000847710503
1621199592.3960943,23.4,31.3,29.898122151692707,25.500000847710503
1621199602.6665585,23.4,31.3,29.880519443088108,25.500000847710503
1621199612.8381066,23.4,31.3,29.829449123806423,25.500000847710503
1621199623.0091398,23.4,31.3,29.521556430392796,25.500000847710503
1621199633.2791634,23.4,31.4,29.614435831705727,25.500000847710503
1621199643.451396,23.4,31.3,29.59957546657986,25.500000847710503
1621199653.7212586,23.5,31.3,29.827016194661457,25.500000847710503
1621199663.8923056,23.4,31.3,29.582913716634113,25.500000847710503
1621199674.0644698,23.4,31.3,29.87036810980903,25.500000847710503
1621199684.3347406,23.4,31.3,29.777929517957897,25.500000847710503
1621199694.5060828,23.4,31.3,29.835353427463108,25.500000847710503
1621199704.7770004,23.3,31.3,29.847433302137585,25.500000847710503
1621199714.948142,23.4,31.3,29.63971455891927,25.500000847710503
1621199725.3575673,23.4,31.3,29.805399576822914,25.500000847710503
1621199735.627192,23.4,31.3,29.614957173665363,25.500000847710503
1621199745.797862,23.4,31.3,29.722188313802082,25.500000847710503
1621199756.0690084,23.4,31.3,29.620992872450085,25.500000847710503
1621199766.2398703,23.4,31.3,29.585562811957466,25.500000847710503
1621199776.649742,23.4,31.3,29.61257086859809,25.500000847710503
1621199786.9196873,23.3,31.3,29.546017116970486,25.500000847710503
1621199797.0906777,23.4,31.3,29.64074452718099,25.500000847710503
1621199807.3620613,23.4,31.3,29.90412394205729,25.500000847710503
1621199817.5327117,23.4,31.3,29.550420973036022,25.500000847710503
1621199827.9425633,23.4,31.3,29.7750981648763,25.500000847710503
1621199838.2123966,23.4,31.3,29.612371656629772,25.500000847710503
1621199848.38323,23.4,31.3,29.592980278862846,25.500000847710503
1621199858.6547341,23.4,31.3,29.81332567003038,25.500000847710503
1621199868.8258271,23.4,31.3,29.710600111219616,25.500000847710503
1621199879.2366555,23.2,31.3,29.808858235677082,25.500000847710503
1621199889.5046542,23.4,31.3,29.668778313530815,25.500000847710503
1621199899.6758964,23.4,31.3,29.776475694444443,25.500000847710503
1621199909.94695,23.3,31.3,29.722658793131508,25.500000847710503
1621199920.1179433,23.3,31.3,29.51521555582682,25.500000847710503
1621199930.5275936,23.4,31.3,29.57058376736111,25.500000847710503
1621199940.7982986,23.4,31.3,29.57269032796224,25.500000847710503
1621199950.9694204,23.4,31.2,29.877145555284287,25.500000847710503
1621199961.2406244,23.4,31.3,29.77489471435547,25.500000847710503
1621199971.4120967,23.4,31.3,29.574377271864147,25.500000847710503
1621199981.8223743,23.4,31.3,29.807845221625435,25.500000847710503
1621199992.0928967,23.4,31.2,29.57492404513889,25.500000847710503
1621200002.263976,23.4,31.2,29.694786071777344,25.500000847710503
1621200012.5359182,23.4,31.3,29.705382453070747,25.500000847710503
1621200022.7070904,23.4,31.2,29.555430942111546,25.500000847710503
1621200033.117156,23.4,31.3,29.823108249240452,25.500000847710503
1621200043.3878968,23.4,31.2,29.554307725694443,25.500000847710503
1621200053.5591576,23.4,31.3,29.854630364312065,25.500000847710503
1621200063.8310843,23.4,31.2,29.849048190646702,25.500000847710503
1621200074.002137,23.4,31.2,29.665277269151474,25.500000847710503
1621200084.4122558,23.4,31.3,29.572071499294704,25.500000847710503
1621200094.6828723,23.4,31.2,29.759631686740452,25.500000847710503
1621200104.854126,23.4,31.3,29.593404134114582,25.500000847710503
1621200115.1260178,23.4,31.2,29.722362094455296,25.500000847710503
1621200125.2973266,23.4,31.3,29.774890475802952,25.500000847710503
1621200135.7076633,23.4,31.2,29.664293924967446,25.500000847710503
1621200145.9784102,23.4,31.2,29.539989895290798,25.500000847710503
1621200156.089007,23.4,31.1,29.799372355143227,25.500000847710503
1621200166.362555,23.4,31.2,29.609675937228733,25.500000847710503
1621200176.5321112,23.4,31.1,29.819492763943142,25.500000847710503
1621200186.8024712,23.4,31.3,29.78694068060981,25.500000847710503
1621200196.974955,23.4,31.2,29.603712293836804,25.500000847710503
1621200207.1458519,23.4,31.2,29.51624552408854,25.500000847710503
1621200217.4162064,23.4,31.2,29.809171888563366,25.500000847710503
1621200227.5885403,23.4,31.2,29.74630143907335,25.500000847710503
1621200237.858937,23.4,31.2,29.662573072645397,25.500000847710503
1621200248.0301547,23.4,31.2,29.566103617350258,25.500000847710503
1621200258.2025802,23.4,31.2,29.734971788194443,25.500000847710503
1621200268.4733996,23.4,31.2,29.809349907769096,25.500000847710503
1621200278.6444342,23.4,31.3,29.622264438205296,25.500000847710503
1621200288.916134,23.4,31.2,29.73230997721354,25.500000847710503
1621200299.0871263,23.4,31.2,29.471825493706596,25.500000847710503
1621200309.4967408,23.4,31.2,29.559750027126736,25.500000847710503
1621200319.7673664,23.4,31.2,29.67416551378038,25.500000847710503
1621200329.9386828,23.4,31.2,29.442240397135414,25.500000847710503
1621200340.210391,23.4,31.1,29.496688842773438,25.500000847710503
1621200350.3815196,23.4,31.1,29.60503896077474,25.500000847710503
1621200360.7909775,23.4,31.1,29.542995029025608,25.500000847710503
1621200371.058574,128.0,0.3,29.571126302083332,25.500000847710503
1621200381.232096,23.4,31.2,29.459732903374565,25.500000847710503
1621200391.5040042,23.4,31.1,29.828995598687065,25.500000847710503
1621200401.675106,23.3,31.1,29.759046766493054,25.500000847710503
1621200412.0850928,23.4,31.3,29.498185051812065,25.500000847710503
1621200422.355471,23.4,31.1,29.550696478949654,25.500000847710503
1621200432.5261915,23.4,31.2,29.734899732801647,25.500000847710503
1621200442.797963,23.4,31.1,29.717097812228733,25.500000847710503
1621200452.968268,23.2,31.1,29.710926479763454,25.500000847710503
1621200463.3778622,23.3,31.1,29.49581570095486,25.500000847710503
1621200473.6477566,23.4,31.1,29.416041904025608,25.500000847710503
1621200483.8179817,23.4,31.1,29.50408935546875,25.500000847710503
1621200494.0896237,23.4,31.1,29.71642388237847,25.500000847710503
1621200504.2603676,23.4,31.1,29.72686767578125,25.500000847710503
1621200514.6700675,23.4,31.1,29.426074557834202,25.500000847710503
1621200524.9401197,23.4,31.2,29.662280612521702,25.500000847710503
1621200535.110719,23.2,31.1,29.721789889865452,25.500000847710503
1621200545.3819451,23.3,31.1,29.726342095269096,25.500000847710503
1621200555.5528998,23.4,31.1,29.640218946668835,25.500000847710503
1621200565.9628878,23.4,31.1,29.72278594970703,25.500000847710503
1621200576.2333686,23.4,31.2,29.534594217936196,25.500000847710503
1621200586.4041219,23.4,31.1,29.539222717285156,25.500000847710503
1621200596.6756237,23.3,31.1,29.610892401801216,25.500000847710503
1621200606.8463416,23.4,31.1,29.68168470594618,25.500000847710503
1621200617.2565079,23.2,31.1,29.464289347330727,25.500000847710503
1621200627.5269873,23.4,31.1,29.456990559895832,25.500000847710503
1621200637.6979222,23.4,31.1,29.640706380208332,25.500000847710503
1621200647.9696677,23.4,31.1,29.550586276584202,25.500000847710503
1621200658.1409056,23.4,31.1,29.735069274902344,25.500000847710503
1621200668.5508997,23.4,31.1,29.57707299126519,25.500000847710503
1621200678.8213823,23.4,31.1,29.433954026963974,25.500000847710503
1621200688.9926882,23.4,31.1,29.49090321858724,25.500000847710503
1621200699.2644405,23.4,31.1,29.736531575520832,25.500000847710503
1621200709.4359624,23.4,31.1,29.40789540608724,25.500000847710503
1621200719.8457525,23.4,31.1,29.638790554470486,25.500000847710503
1621200730.1161132,23.3,31.1,29.487804836697048,25.500000847710503
1621200740.287376,23.4,31.1,29.509107801649304,25.500000847710503
1621200750.4982157,23.4,31.1,29.404703776041664,25.500000847710503
1621200760.6695998,23.4,31.1,29.43687015109592,25.500000847710503
1621200770.9400196,23.4,31.1,29.665340847439236,25.500000847710503
1621200781.112658,23.4,31.1,29.45569356282552,25.500000847710503
1621200791.283739,23.4,31.1,29.486100938585068,25.500000847710503
1621200801.5545826,23.4,31.1,29.628495110405815,25.500000847710503
1621200811.7269995,23.4,31.1,29.657397800021702,25.500000847710503
1621200821.997449,23.4,31.1,29.67496660020616,25.500000847710503
1621200832.1689234,23.4,31.0,29.634835984971787,25.500000847710503
1621200842.34092,23.4,31.0,29.45601569281684,25.500000847710503
1621200852.6115766,23.4,31.1,29.49968549940321,25.500000847710503
1621200862.7827199,23.4,31.0,29.638871086968315,25.500000847710503
1621200873.054416,23.4,31.1,29.426549275716145,25.500000847710503
1621200883.225241,23.4,31.0,29.486185709635414,25.500000847710503
1621200893.6350331,23.3,31.1,29.453934563530815,25.500000847710503
1621200903.9055297,23.4,31.1,29.70033009847005,25.500000847710503
1621200914.076619,23.4,31.1,29.366221957736546,25.500000847710503
1621200924.3485348,23.4,31.1,29.619462754991318,25.500000847710503
1621200934.519635,23.4,31.0,29.69660441080729,25.500000847710503
1621200944.9298398,23.4,31.1,29.672584533691406,25.500000847710503
1621200955.199714,51.2,5990.5,29.632958306206596,25.500000847710503
1621200965.3714345,23.3,31.0,29.682256910536022,25.500000847710503
1621200975.6430607,23.4,31.1,29.666239420572914,25.500000847710503
1621200985.8140168,23.4,31.0,29.477098253038193,25.500000847710503
1621200996.2239375,23.4,31.1,29.453773498535156,25.500000847710503
1621201006.4946012,23.4,31.1,29.625235663519966,25.500000847710503
1621201016.6655526,23.4,31.1,29.404500325520832,25.500000847710503
1621201026.9365396,23.4,31.0,29.45409986707899,25.500000847710503
1621201037.1073148,23.4,31.0,29.500757853190102,25.500000847710503
1621201047.5167177,23.2,31.0,29.4793701171875,25.500000847710503
1621201057.7865505,23.3,31.0,29.65991973876953,25.500000847710503
1621201067.9572773,23.4,31.0,29.588610331217446,25.500000847710503
1621201078.2289941,23.4,31.0,29.412417941623264,25.500000847710503
1621201088.3996263,23.4,31.0,29.51866997612847,25.500000847710503
1621201098.8093503,23.4,31.0,29.656435648600258,25.500000847710503
1621201109.07914,23.4,31.0,29.31819068060981,25.500000847710503
1621201119.250042,23.4,31.0,29.588627285427517,25.500000847710503
1621201129.5209563,23.4,31.0,29.372575547960068,25.500000847710503
1621201139.6915436,23.3,31.0,29.481921725802952,25.500000847710503
1621201150.1007683,23.3,31.0,29.492772420247395,25.500000847710503
1621201160.369835,23.4,31.0,29.662517971462673,25.500000847710503
1621201170.5409403,23.4,31.0,29.39263661702474,25.500000847710503
1621201180.8123357,23.4,31.0,29.452874925401474,25.500000847710503
1621201190.982578,23.4,31.0,29.543075561523438,25.500000847710503
1621201201.3919988,23.4,31.0,29.384774102105034,25.500000847710503
1621201211.6623354,23.4,31.0,29.39146253797743,25.500000847710503
1621201221.832928,23.4,31.0,29.420110914442272,25.500000847710503
1621201232.1045206,23.4,31.0,29.37066396077474,25.500000847710503
1621201242.2758284,23.4,31.0,29.46528116861979,25.500000847710503
1621201252.6856167,23.4,31.0,29.560826619466145,25.500000847710503
1621201262.9557106,23.4,31.0,29.447648790147568,25.500000847710503
1621201273.1266055,23.4,31.0,29.5822270711263,25.500000847710503
1621201283.3981943,23.4,31.0,29.436590406629772,25.500000847710503
1621201293.5686336,23.4,31.0,29.463267856174046,25.500000847710503
1621201303.9785204,23.4,31.0,29.330630832248264,25.500000847710503
1621201314.2486587,23.4,31.0,29.52975802951389,25.500000847710503
1621201324.4199393,23.4,31.0,29.557660420735676,25.500000847710503
1621201334.6274796,23.4,31.0,29.44141387939453,25.500000847710503
1621201344.8021145,23.4,31.0,29.632848103841145,25.500000847710503
1621201355.0727525,23.4,31.0,29.61037105984158,25.500000847710503
1621201365.2450662,23.4,31.0,29.38022189670139,25.500000847710503
1621201375.416314,23.4,31.0,29.507251315646702,25.500000847710503
1621201385.686804,23.4,31.0,29.381044175889755,25.500000847710503
1621201395.8590982,23.4,31.0,29.439434475368923,25.500000847710503
1621201406.1298943,23.4,31.0,29.606781005859375,25.500000847710503
1621201416.3006067,23.3,31.0,29.322111341688366,25.500000847710503
1621201426.4729447,23.4,31.0,29.381213717990452,25.500000847710503
1621201436.7436576,23.4,31.0,29.578670925564236,25.500000847710503
1621201446.9147775,23.4,31.0,29.552124871148003,25.500000847710503
1621201457.1864722,23.4,31.0,29.544436136881508,25.500000847710503
1621201467.3577487,23.4,31.0,29.384502834743923,25.500000847710503
1621201477.767717,23.4,31.0,29.337183634440102,25.500000847710503
1621201488.0381672,23.4,31.0,29.391343858506943,25.500000847710503
1621201498.209485,23.4,31.0,29.353158738878037,25.500000847710503
1621201508.4812346,23.4,31.0,29.32787153455946,25.500000847710503
1621201518.6521907,23.4,31.0,29.32807074652778,25.500000847710503
1621201529.0620646,23.4,31.0,29.541736178927952,25.500000847710503
1621201539.3327699,23.4,31.0,29.298324584960938,25.500000847710503
1621201549.5039957,23.4,31.0,29.51340569390191,25.500000847710503
1621201559.7756808,23.4,31.0,29.24820793999566,25.500000847710503
1621201569.9466994,23.4,31.0,29.279836018880207,25.500000847710503
1621201580.356482,23.4,31.0,29.475169711642796,25.500000847710503
1621201590.6271443,23.4,31.0,29.560292561848957,25.500000847710503
1621201600.798641,23.4,31.0,29.276703728569878,25.500000847710503
1621201611.0699377,23.4,31.0,29.462110731336804,25.500000847710503
1621201621.2408924,23.4,31.0,29.427566528320312,25.500000847710503
1621201631.6509185,23.4,31.0,29.604271782769096,25.500000847710503
1621201641.921462,23.4,31.0,29.567218356662327,25.500000847710503
1621201652.0927374,23.4,31.0,29.458240932888454,25.500000847710503
1621201662.3646219,23.4,31.0,29.558758205837673,25.500000847710503
1621201672.535673,23.4,31.0,29.320365058051216,25.500000847710503
1621201682.9454486,23.4,31.0,29.498998853895397,25.500000847710503
1621201693.2159615,23.4,31.0,29.551400078667534,25.500000847710503
1621201703.3875604,23.4,31.0,29.576356675889755,25.500000847710503
1621201713.6585016,23.4,31.0,29.33004167344835,25.500000847710503
1621201723.8293467,23.3,31.0,29.362199571397568,25.500000847710503
1621201734.2389948,23.4,31.0,29.330516391330296,25.500000847710503
1621201744.5092912,23.4,31.0,29.54485151502821,25.500000847710503
1621201754.6801376,23.4,31.0,29.447648790147568,25.500000847710503
1621201764.95186,23.3,31.0,29.30310567220052,25.500000847710503
1621201775.1216068,23.3,31.0,29.50436062282986,25.500000847710503
1621201785.5313873,23.4,31.0,29.51698727077908,25.500000847710503
1621201795.8014343,23.4,31.0,29.27952660454644,25.500000847710503
1621201805.9719396,23.2,31.0,29.259228176540798,25.500000847710503
1621201816.2435617,23.4,31.0,29.29253472222222,25.500000847710503
1621201826.4144251,23.4,31.0,29.471613566080727,25.500000847710503
1621201836.82416,23.4,31.0,29.28368886311849,25.500000847710503
1621201847.094268,23.4,31.0,29.29772694905599,25.500000847710503
1621201857.2644126,23.3,31.0,29.27422417534722,25.500000847710503
1621201867.5358393,23.4,31.0,29.443461100260414,25.500000847710503
1621201877.7069616,23.4,31.0,29.355761210123696,25.500000847710503
1621201888.116758,23.4,31.0,29.51483832465278,25.500000847710503
1621201898.386298,23.3,31.0,29.51396942138672,25.500000847710503
1621201908.557368,23.4,31.0,29.48453691270616,25.500000847710503
1621201918.8290086,23.4,31.0,29.413842095269096,25.500000847710503
1621201928.939119,23.4,31.0,29.510570102267796,25.500000847710503
1621201939.2096496,23.4,31.0,29.503678215874565,25.500000847710503
1621201949.382154,23.4,31.0,29.48685540093316,25.500000847710503
1621201959.553213,23.4,31.0,29.294018215603298,25.500000847710503
1621201969.8238642,23.4,31.0,29.42021263970269,25.500000847710503
1621201979.9955947,23.4,31.0,29.24048529730903,25.500000847710503
1621201990.2659664,23.4,31.0,29.47626749674479,25.500000847710503
1621202000.4372783,23.4,30.9,29.50967576768663,25.500000847710503
1621202010.6095302,23.4,31.0,29.37188042534722,25.500000847710503
1621202020.8801517,23.4,30.8,29.181315104166664,25.500000847710503
1621202031.0516539,23.4,30.9,29.256553649902344,25.500000847710503
1621202041.3232205,23.4,31.0,29.482447306315102,25.500000847710503
1621202051.4944692,23.4,31.0,29.461500379774304,25.500000847710503
1621202061.9045906,23.4,31.0,29.469735887315537,25.500000847710503
1621202072.1753004,23.4,30.9,29.287134806315102,25.500000847710503
1621202082.3466513,23.4,31.0,29.239260355631508,25.500000847710503
1621202092.618568,23.4,31.0,29.294001261393227,25.500000847710503
1621202102.7897005,23.4,31.0,29.276953803168404,25.500000847710503
1621202113.199804,23.4,31.0,29.27107493082682,25.500000847710503
1621202123.4703045,23.4,31.0,29.28371853298611,25.500000847710503
1621202133.6415966,23.4,31.0,29.28167555067274,25.500000847710503
1621202143.9135458,23.4,31.0,29.297103881835938,25.500000847710503
1621202154.0844822,23.4,31.0,29.219796922471787,25.500000847710503
1621202164.4946811,23.4,30.9,29.341307746039497,25.500000847710503
1621202174.7650888,23.3,31.0,29.39115736219618,25.500000847710503
1621202184.9362469,23.4,31.0,29.44700453016493,25.500000847710503
1621202195.208192,23.3,31.0,29.182840983072914,25.500000847710503
1621202205.3793273,23.4,31.0,29.473436143663193,25.500000847710503
1621202215.78929,23.4,31.0,29.3993165757921,25.500000847710503
1621202226.0599058,23.4,31.0,29.206424289279514,25.500000847710503
1621202236.231204,23.4,30.9,29.47628445095486,25.500000847710503
1621202246.5027962,23.4,31.0,29.424667358398438,25.500000847710503
1621202256.6739993,23.4,31.0,29.219046698676216,25.500000847710503
1621202267.0840974,23.4,30.8,29.31333329942491,25.500000847710503
1621202277.3542545,23.4,31.0,29.19714185926649,25.500000847710503
1621202287.525486,23.4,30.9,29.387007819281685,25.500000847710503
1621202297.797096,23.4,30.8,29.178666008843315,25.500000847710503
1621202307.9684956,23.4,31.0,29.371261596679688,25.500000847710503
1621202318.3778,23.4,31.0,29.393984476725258,25.500000847710503
1621202328.6484804,23.4,31.0,29.35344696044922,25.500000847710503
1621202338.8194678,23.4,30.9,29.224260118272568,25.500000847710503
1621202349.090799,23.4,30.9,29.23291524251302,25.500000847710503
1621202359.26125,23.4,30.9,29.447390238444008,25.500000847710503
1621202369.6713998,23.4,30.8,29.36640845404731,25.500000847710503
1621202379.941683,23.3,30.9,29.42833794487847,25.500000847710503
1621202390.1121275,23.2,30.9,29.27291022406684,25.500000847710503
1621202400.3833241,23.4,31.0,29.398023817274304,25.500000847710503
1621202410.554031,23.4,30.8,29.21161651611328,25.500000847710503
1621202420.9633417,23.2,30.9,29.129545423719616,25.500000847710503
1621202431.232745,23.4,30.9,29.37764909532335,25.500000847710503
1621202441.4038503,23.4,30.9,29.345088534884983,25.500000847710503
1621202451.6752741,23.4,30.8,29.36107635498047,25.500000847710503
1621202461.8461463,23.4,30.8,29.238832261827255,25.500000847710503
1621202472.2553377,23.4,30.8,29.41704644097222,25.500000847710503
1621202482.5257437,23.4,30.8,29.389830695258247,25.500000847710503
1621202492.6968894,23.4,30.8,29.458753797743054,25.500000847710503
1621202502.9677901,23.4,30.8,29.39475589328342,25.500000847710503
1621202513.1383567,23.3,30.8,29.210984971788193,25.500000847710503
1621202523.3473432,23.3,30.8,29.42838456895616,25.500000847710503
1621202533.5191886,23.4,30.8,29.190139770507812,25.500000847710503
1621202543.6891463,23.4,30.8,29.17626698811849,25.500000847710503
1621202553.9590402,23.4,30.8,29.20011308458116,25.500000847710503
1621202564.1312854,23.4,30.8,29.47660234239366,25.500000847710503
1621202574.4018686,23.4,30.8,29.38610076904297,25.500000847710503
1621202584.5730155,23.4,30.8,29.461415608723957,25.500000847710503
1621202594.744789,23.4,30.8,29.127218458387585,25.500000847710503
1621202605.0147016,23.3,30.8,29.470350477430554,25.500000847710503
1621202615.1854892,23.4,30.8,29.18165842692057,25.500000847710503
1621202625.4570882,23.4,30.8,29.262847900390625,25.500000847710503
1621202635.6279607,23.4,30.8,29.398375617133247,25.500000847710503
1621202646.037433,23.4,30.8,29.457545810275608,25.500000847710503
1621202656.307695,23.4,30.8,29.28757561577691,25.500000847710503
1621202666.4787436,23.4,30.8,29.417347378200954,25.500000847710503
1621202676.7505407,23.4,30.8,29.16359371609158,25.500000847710503
1621202686.9219668,23.4,30.8,29.354705810546875,25.500000847710503
1621202697.3320208,23.4,30.8,29.128426445855034,25.500000847710503
1621202707.602619,23.3,30.8,29.164610968695747,25.500000847710503
1621202717.7737117,23.4,30.8,29.194535149468315,25.500000847710503
1621202728.0453024,23.4,30.8,29.284498426649304,25.500000847710503
1621202738.2165964,23.4,30.8,29.195022583007812,25.500000847710503
1621202748.6265674,23.4,30.8,29.32929144965278,25.500000847710503
1621202758.897273,23.4,30.8,29.21210394965278,25.500000847710503
1621202769.0687525,23.4,30.8,29.304491678873696,25.500000847710503
1621202779.340738,23.4,30.8,29.380035400390625,25.500000847710503
1621202789.5117102,23.4,30.8,29.408463372124565,25.500000847710503
1621202799.9216106,23.2,30.8,29.333898756239147,25.500000847710503
1621202810.1921382,23.4,30.8,29.300952487521702,25.500000847710503
1621202820.3633072,23.4,30.8,29.213354322645397,25.500000847710503
1621202830.635343,23.4,30.8,29.13522508409288,25.500000847710503
1621202840.806327,23.4,30.8,29.371749030219185,25.500000847710503
1621202851.2163193,23.4,30.8,29.28786383734809,25.500000847710503
1621202861.4867764,23.4,30.8,29.113087124294704,25.500000847710503
1621202871.6580765,23.4,30.8,29.397137959798176,25.500000847710503
1621202881.92969,23.4,30.8,29.116490681966145,25.500000847710503
1621202892.100592,23.4,30.8,29.35162862141927,25.500000847710503
1621202902.5106072,23.4,30.7,29.33380126953125,25.500000847710503
1621202912.7812395,23.4,30.7,29.229651557074654,25.500000847710503
1621202922.9526289,23.4,30.7,29.15045844184028,25.500000847710503
1621202933.2244165,23.4,30.8,29.11847432454427,25.500000847710503
1621202943.3950515,23.3,30.8,29.33127933078342,25.500000847710503
1621202953.8051057,23.4,30.7,29.157210456000435,25.500000847710503
1621202964.075768,23.4,30.8,29.099413553873696,25.500000847710503
1621202974.246888,23.4,30.8,29.38232421875,25.500000847710503
1621202984.5182855,23.4,30.7,29.090601603190102,25.500000847710503
1621202994.6893902,23.4,30.8,29.33995140923394,25.500000847710503
1621203005.0991552,23.4,30.7,29.352773030598957,25.500000847710503
1621203015.3699687,23.4,30.7,29.152073330349392,25.500000847710503
1621203025.54082,23.4,30.8,29.374567667643227,25.500000847710503
1621203035.8117588,23.4,30.7,29.125387403700085,25.500000847710503
1621203045.9819303,23.3,30.7,29.157134162055122,25.500000847710503
1621203056.3912911,23.4,30.7,29.21668158637153,25.500000847710503
1621203066.6608205,23.3,30.8,29.141455756293404,25.500000847710503
1621203076.8315017,23.4,30.8,29.277208116319443,25.500000847710503
1621203087.1022923,23.4,30.7,29.130876329210068,25.500000847710503
1621203097.2725337,23.4,30.8,29.304478963216145,25.500000847710503
1621203107.6180964,23.4,30.8,29.14635976155599,25.500000847710503
1621203117.8919985,23.3,30.7,29.242494371202255,25.500000847710503
1621203128.0620322,23.3,30.8,29.360224405924477,25.500000847710503
1621203138.3336174,23.4,30.7,29.223514133029514,25.500000847710503
1621203148.5045667,23.4,30.7,29.105004204644096,25.500000847710503
1621203158.7747667,23.4,30.7,29.198917812771267,25.500000847710503
1621203168.9472756,23.4,30.7,29.072113037109375,25.500000847710503
1621203179.1183646,23.4,30.7,29.05710008409288,25.500000847710503
1621203189.3892558,23.4,30.7,29.08487108018663,25.500000847710503
1621203199.5637798,23.4,30.7,29.24649980333116,25.500000847710503
1621203209.8322217,23.4,30.8,29.331703186035156,25.500000847710503
1621203220.0035875,23.4,30.7,29.16871388753255,25.500000847710503
1621203230.1759517,23.4,30.7,29.315884908040363,25.500000847710503
1621203240.4466803,23.4,30.7,29.27076975504557,25.500000847710503
1621203250.6179173,23.4,30.7,29.273681640625,25.500000847710503
1621203260.889537,23.4,30.7,29.051026238335503,25.500000847710503
1621203271.0610063,23.4,30.7,29.350590176052517,25.500000847710503
1621203281.4709773,23.4,30.8,29.295200771755642,25.500000847710503
1621203291.7417266,23.4,30.8,29.129053751627602,25.500000847710503
1621203301.912895,23.4,30.7,29.321602715386284,25.500000847710503
1621203312.1848428,23.4,30.7,29.087431165907116,25.500000847710503
1621203322.356073,23.4,30.7,29.307878282335068,25.500000847710503
1621203332.7639947,0.0,77.0,29.10739474826389,25.500000847710503
1621203343.0370905,23.4,30.7,29.07099405924479,25.500000847710503
1621203353.2084897,23.4,30.7,29.360936482747395,25.500000847710503
1621203363.4806209,23.4,30.7,29.09489525689019,25.500000847710503
1621203373.651565,23.4,30.7,29.136564466688366,25.500000847710503
1621203384.0616553,23.4,30.7,29.277331034342446,25.500000847710503
1621203394.3326883,23.4,30.7,29.20464833577474,25.500000847710503
1621203404.503937,23.4,30.7,29.225955539279514,25.500000847710503
1621203414.7758808,23.4,30.7,29.084972805447048,25.500000847710503
1621203424.9473665,23.4,30.7,29.108217027452255,25.500000847710503
1621203435.3565242,77.0,23.4,28.97671169704861,25.500000847710503
1621203445.6284451,23.4,30.8,29.255040486653645,25.500000847710503
1621203455.8000374,23.4,30.7,29.042667812771267,25.500000847710503
1621203466.0718284,23.5,30.7,29.217355516221787,25.500000847710503
1621203476.2433944,23.4,30.7,29.20414818657769,25.500000847710503
1621203486.6534855,23.4,30.7,29.016944037543404,25.500000847710503
1621203496.9243977,23.4,30.7,29.24139234754774,25.500000847710503
1621203507.0955405,23.4,30.7,29.344041612413193,25.500000847710503
1621203517.3675554,23.4,30.7,29.03423309326172,25.500000847710503
1621203527.5387409,23.4,30.7,29.27796681722005,25.500000847710503
1621203537.9486492,23.3,30.7,29.0410402086046,25.500000847710503
1621203548.2193143,23.4,30.7,29.198154873318142,25.500000847710503
1621203558.3906953,23.4,30.7,29.265708923339844,25.500000847710503
1621203568.662318,23.4,30.7,28.442692226833767,25.500000847710503
1621203578.8335662,23.4,30.7,27.188886006673176,25.500000847710503
1621203589.2438867,23.4,30.6,25.728552076551647,12.999998728434244
1621203599.5143661,23.4,30.7,24.696985880533852,12.999998728434244
1621203609.6853054,23.4,30.7,24.008327060275608,12.999998728434244
1621203619.956889,23.4,30.6,23.402099609375,12.999998728434244
1621203630.1279655,23.4,30.6,22.89029863145616,12.999998728434244
1621203640.5373526,23.4,30.7,22.383126152886284,12.999998728434244
1621203650.8074758,23.4,30.6,21.959860059950085,12.999998728434244
1621203660.9777296,23.4,30.6,21.599218580457897,12.999998728434244
1621203671.2489316,23.4,30.7,21.27145555284288,12.999998728434244
1621203681.4195378,23.4,30.6,21.028963724772137,12.999998728434244
1621203691.8288972,25.2,30.6,20.90216742621528,12.999998728434244
1621203702.0367959,24.3,30.6,20.764774746365017,12.999998728434244
1621203712.206342,24.2,30.6,20.529649522569443,12.999998728434244
1621203722.476797,24.2,30.7,20.40051778157552,12.999998728434244
1621203732.6466763,24.2,30.6,20.346378750271267,12.999998728434244
1621203742.91601,24.2,30.6,20.244602627224392,12.999998728434244
1621203753.0872486,24.2,30.7,20.104493035210503,12.999998728434244
1621203763.256711,24.2,30.7,20.00602298312717,12.999998728434244
1621203773.5259511,24.2,30.6,19.96586693657769,12.999998728434244
1621203783.7003973,24.1,30.6,19.873076544867622,12.999998728434244
1621203793.9726846,24.2,30.6,19.87542046440972,12.999998728434244
1621203804.1454039,24.2,30.7,19.874072604709202,12.999998728434244
1621203814.3197758,24.0,30.7,19.87676832411024,12.999998728434244
1621203824.5930576,24.1,30.6,19.87457275390625,12.999998728434244
1621203834.7667093,24.0,30.6,19.834789699978298,12.999998728434244
1621203845.0414896,24.1,30.6,19.880277845594616,12.999998728434244
1621203855.2152646,24.1,30.6,19.833696153428818,12.999998728434244
1621203865.6270142,24.0,30.6,19.836900499131943,12.999998728434244
1621203875.900203,24.0,30.6,19.834730360243054,12.999998728434244
1621203886.0739856,24.0,30.6,19.881312052408855,12.999998728434244
1621203896.3482485,24.0,30.6,19.83762529161241,12.999998728434244
1621203906.5221367,24.0,30.5,19.879561530219185,12.999998728434244
1621203916.9347365,24.0,30.6,19.88340165879991,12.999998728434244
1621203927.2079322,24.0,30.6,19.88459693060981,12.999998728434244
1621203937.3811388,23.9,30.6,19.843855963812935,12.999998728434244
1621203947.6553886,24.0,30.6,19.890174865722656,12.999998728434244
1621203957.828496,24.0,30.6,19.943266974555122,12.999998728434244
1621203968.2402542,24.0,30.5,19.94243621826172,12.999998728434244
1621203978.5126772,24.0,30.6,19.894964430067272,12.999998728434244
1621203988.6855636,24.0,30.6,19.994561937120224,12.999998728434244
1621203998.9568937,0.0,77.0,19.993811713324654,12.999998728434244
1621204009.1323712,24.0,30.6,19.944949679904514,12.999998728434244
1621204019.5437813,23.9,30.6,19.997689988878037,12.999998728434244
1621204029.8162296,24.0,30.6,19.954261779785156,12.999998728434244
1621204039.9889722,24.0,30.5,20.047136942545574,12.999998728434244
1621204050.2626352,24.0,30.5,20.04052480061849,12.999998728434244
1621204060.4352517,24.0,30.6,20.004187689887154,12.999998728434244
1621204070.8467004,24.0,30.6,20.006133185492622,12.999998728434244
1621204081.118712,24.0,30.6,19.95166778564453,12.999998728434244
1621204091.2912557,24.0,30.6,20.055063035753037,12.999998728434244
1621204101.5649295,24.0,30.6,20.008328755696613,12.999998728434244
1621204111.7376313,24.0,30.5,20.004725986056858,12.999998728434244
1621204122.1486697,22.4,30.6,20.051299201117622,12.999998728434244
1621204132.4209127,24.0,30.6,20.050824483235676,12.999998728434244
1621204142.593237,24.0,30.6,20.011083814832897,12.999998728434244
1621204152.8660064,23.9,30.5,19.971262613932293,12.999998728434244
1621204163.0373132,23.9,30.6,19.964324103461372,12.999998728434244
1621204173.4484704,24.0,30.5,19.972890218098957,12.999998728434244
1621204183.7209654,24.0,30.5,19.96156056722005,12.999998728434244
1621204193.8937638,23.9,30.5,20.059856838650173,12.999998728434244
1621204204.167303,24.0,30.5,19.963548448350693,12.999998728434244
1621204214.3395996,23.9,30.5,19.972012837727863,12.999998728434244
1621204224.7500663,24.0,30.5,19.966676500108505,12.999998728434244
1621204235.0211642,23.9,30.5,19.97139400906033,12.999998728434244
1621204245.1928585,23.8,30.5,19.9709955851237,12.999998728434244
1621204255.463188,23.7,30.5,19.974522060818142,12.999998728434244
1621204265.6334763,23.9,30.5,19.931615193684895,12.999998728434244
1621204276.0432813,23.7,30.5,19.883850945366753,12.999998728434244
1621204286.3137426,23.7,30.5,19.886423746744793,12.999998728434244
1621204296.422951,23.9,30.5,19.936052958170574,12.999998728434244
1621204306.6952746,23.9,30.5,19.883121914333767,12.999998728434244
1621204316.867809,23.8,30.5,19.889098273383247,12.999998728434244
1621204327.1390111,24.1,30.5,19.844529893663193,12.999998728434244
1621204337.3133583,23.9,30.5,19.8379643758138,12.999998728434244
1621204347.486207,24.0,30.5,19.75002712673611,12.999998728434244
1621204357.75849,24.0,30.5,19.793722364637585,12.999998728434244
1621204367.9318066,23.8,30.5,19.795667860243054,12.999998728434244
1621204378.203656,23.8,30.5,19.747204250759548,12.999998728434244
1621204388.37528,23.8,30.5,19.66210683186849,12.999998728434244
1621204398.5481918,24.0,30.5,19.70947265625,12.999998728434244
1621204408.8201792,23.8,30.5,19.75675794813368,12.999998728434244
1621204418.9909258,23.8,30.5,19.700241088867188,12.999998728434244
1621204429.2625935,23.8,30.5,19.661860995822483,12.999998728434244
1621204439.4326336,23.8,30.5,19.656880696614582,12.999998728434244
1621204449.8416052,23.8,30.5,19.616775512695312,12.999998728434244
1621204460.1108825,23.8,30.5,19.656346638997395,12.999998728434244
1621204470.2806613,23.8,30.5,19.661144680447048,12.999998728434244
1621204480.55115,23.8,30.5,19.7042719523112,12.999998728434244
1621204490.7210252,23.8,30.5,19.61279551188151,12.999998728434244
1621204501.1298094,23.8,30.5,19.664446512858074,12.999998728434244
1621204511.399298,23.8,30.5,19.661962721082897,12.999998728434244
1621204521.5688803,23.8,30.5,19.664149814181858,12.999998728434244
1621204531.8394284,23.8,30.5,19.71208784315321,12.999998728434244
1621204542.0090828,23.8,30.5,19.698232014973957,12.999998728434244
1621204552.417728,23.8,30.5,19.709794786241318,12.999998728434244
1621204562.6869612,23.8,30.5,19.752892388237846,12.999998728434244
1621204572.8566115,23.8,30.5,19.744720458984375,12.999998728434244
1621204583.1273694,23.8,30.5,19.84256320529514,12.999998728434244
1621204593.2970405,23.8,30.5,19.84208001030816,12.999998728434244
1621204603.7064106,23.8,30.5,19.795358445909287,12.999998728434244
1621204613.975529,23.8,30.5,19.840282864040798,12.999998728434244
1621204624.144712,23.8,30.5,19.84832763671875,12.999998728434244
1621204634.415635,23.8,30.5,19.940355088975693,12.999998728434244
1621204644.5855427,23.8,30.5,19.891993204752605,12.999998728434244
1621204654.994024,23.8,30.5,19.983935885959202,12.999998728434244
1621204665.2632277,23.8,30.5,19.9349848429362,12.999998728434244
1621204675.4334068,23.8,30.5,19.98907301161024,12.999998728434244
1621204685.7038417,23.8,30.5,19.93877410888672,12.999998728434244
1621204695.873387,23.8,30.5,20.07094489203559,12.999998728434244
1621204706.2814944,23.8,30.5,20.033187866210938,12.999998728434244
1621204716.5505497,23.8,30.5,19.98650868733724,12.999998728434244
1621204726.7201164,23.7,30.5,19.98793707953559,12.999998728434244
1621204736.989736,23.7,30.5,20.07798088921441,12.999998728434244
1621204747.159143,23.7,30.5,19.987962510850693,12.999998728434244
1621204757.566398,23.7,30.5,19.986707899305554,12.999998728434244
1621204767.8351147,23.8,30.5,20.036731296115452,12.999998728434244
1621204778.004908,23.8,30.5,20.03966013590495,12.999998728434244
1621204788.2748692,23.8,30.5,19.943631490071613,12.999998728434244
1621204798.443769,23.7,30.5,19.98790740966797,12.999998728434244
1621204808.8521316,23.8,30.5,19.99474419487847,12.999998728434244
1621204819.121451,23.8,30.5,20.043390062120224,12.999998728434244
1621204829.291002,23.7,30.5,19.99883863661024,12.999998728434244
1621204839.5610733,23.8,30.5,20.046234130859375,12.999998728434244
1621204849.7308571,23.8,30.5,19.946505228678387,12.999998728434244
1621204860.1393802,23.8,30.5,19.94487762451172,12.999998728434244
1621204870.408671,23.8,30.5,20.033844841851128,12.999998728434244
1621204880.5170636,23.8,30.5,19.991798400878906,12.999998728434244
1621204890.7876468,23.8,30.5,19.89541795518663,12.999998728434244
1621204900.9573243,23.8,30.5,19.94573805067274,12.999998728434244
1621204911.2262802,23.7,30.5,19.90598890516493,12.999998728434244
1621204921.3971539,23.8,30.5,19.903365241156685,12.999998728434244
1621204931.5666318,23.8,30.5,19.906480577256943,12.999998728434244
1621204941.835304,23.8,30.5,19.86284891764323,12.999998728434244
1621204952.0061283,23.8,30.5,19.86615498860677,12.999998728434244
1621204962.2750947,23.8,30.5,19.901983473036022,12.999998728434244
1621204972.4445145,23.8,30.5,19.865154690212673,12.999998728434244
1621204982.615503,23.8,30.5,19.87039354112413,12.999998728434244
1621204992.8836477,23.8,30.5,19.857716030544704,12.999998728434244
1621205003.0530136,23.8,30.5,19.862882826063366,12.999998728434244
1621205013.3230393,23.7,30.5,19.8141606648763,12.999998728434244
1621205023.4925036,23.8,30.5,19.771931966145832,12.999998728434244
1621205033.901096,23.6,30.5,19.728491041395397,12.999998728434244
1621205044.1695752,23.7,30.5,19.774246215820312,12.999998728434244
1621205054.3389213,23.7,30.3,19.818390740288628,12.999998728434244
1621205064.6082861,23.8,30.3,19.726426866319443,12.999998728434244
1621205074.7769992,23.8,30.5,19.7348149617513,12.999998728434244
1621205085.1843507,23.8,30.5,19.635420905219185,12.999998728434244
1621205095.4528658,23.8,30.5,19.635721842447918,12.999998728434244
1621205105.6219308,23.6,30.5,19.63976542154948,12.999998728434244
1621205115.8912475,23.6,30.5,19.58875020345052,12.999998728434244
1621205126.0608845,23.6,30.3,19.602686564127605,12.999998728434244
1621205136.468616,23.6,30.5,19.60132598876953,12.999998728434244
1621205146.736406,23.7,30.3,19.556087917751736,12.999998728434244
1621205156.9051516,23.7,30.5,19.69664255777995,12.999998728434244
1621205167.1744576,23.7,30.3,19.650658501519096,12.999998728434244
1621205177.3431885,23.6,30.3,19.64718288845486,12.999998728434244
1621205187.7507277,23.7,30.5,19.689127604166668,12.999998728434244
1621205198.0186214,23.7,30.3,19.64547899034288,12.999998728434244
1621205208.1868637,23.7,30.3,19.697096082899304,12.999998728434244
1621205218.4559453,23.7,30.3,19.73712921142578,12.999998728434244
1621205228.6242957,23.7,30.3,19.75177764892578,12.999998728434244
1621205239.0316513,23.7,30.3,19.789729648166233,12.999998728434244
1621205249.2997465,23.7,30.3,19.748365614149304,12.999998728434244
1621205259.4681482,23.7,30.3,19.74210527208116,12.999998728434244
1621205269.7374992,23.7,30.3,19.792022705078125,12.999998728434244
1621205279.9060788,23.7,30.3,19.840575324164497,12.999998728434244
1621205290.313411,23.6,30.3,19.834624396430122,12.999998728434244
1621205300.581373,23.7,30.3,19.88869137234158,12.999998728434244
1621205310.74967,23.7,30.3,19.932132297092014,12.999998728434244
1621205321.0186856,23.7,30.3,19.91491953531901,12.999998728434244
1621205331.1871912,23.7,30.3,19.96244218614366,12.999998728434244
1621205341.594641,23.7,30.3,19.961268107096355,12.999998728434244
1621205351.8622794,23.7,30.3,19.960191514756943,12.999998728434244
1621205362.0305734,23.7,30.3,19.924850463867188,12.999998728434244
1621205372.2996335,23.7,30.3,20.007489522298176,12.999998728434244
1621205382.4681118,23.7,30.3,20.047323438856335,12.999998728434244
1621205392.8750308,23.7,30.3,20.00982920328776,12.999998728434244
1621205403.142908,23.6,30.3,20.007362365722656,12.999998728434244
1621205413.3110507,23.7,30.3,20.015619066026474,12.999998728434244
1621205423.5802877,23.7,30.3,20.01219431559245,12.999998728434244
1621205433.7483635,23.7,30.3,19.966617160373264,12.999998728434244
1621205444.1554081,23.7,30.3,20.00786675347222,12.999998728434244
1621205454.423146,23.7,30.3,20.005828009711372,12.999998728434244
1621205464.591379,23.7,30.3,19.920065138075085,12.999998728434244
1621205474.7997472,23.7,30.3,19.96888478597005,12.999998728434244
1621205484.9678538,23.7,30.3,20.010977851019966,12.999998728434244
1621205495.2356064,23.7,30.3,20.00932905409071,12.999998728434244
1621205505.4051301,23.7,30.3,20.006027221679688,12.999998728434244
1621205515.5735424,23.7,30.3,19.97845967610677,12.999998728434244
1621205525.8416715,23.6,30.3,19.890721638997395,12.999998728434244
1621205536.0112407,23.7,30.3,19.986996120876736,12.999998728434244
1621205546.279232,23.7,30.3,19.883520338270397,12.999998728434244
1621205556.4479656,23.7,30.3,19.981596204969616,12.999998728434244
1621205566.6177025,23.6,30.3,19.888462490505642,12.999998728434244
1621205576.8860693,23.5,30.2,19.93777804904514,12.999998728434244
1621205587.0547807,23.6,30.3,19.93584950764974,12.999998728434244
1621205597.324426,23.6,30.2,19.935196770562065,12.999998728434244
1621205607.4925604,23.6,30.3,19.893112182617188,12.999998728434244
1621205617.900117,23.5,30.2,19.8397954305013,12.999998728434244
1621205628.1686242,23.6,30.2,19.837239583333332,12.999998728434244
1621205638.3369827,23.7,30.2,19.845831129286022,12.999998728434244
1621205648.6067078,23.6,30.2,19.847581651475693,12.999998728434244
1621205658.775486,23.6,30.2,19.847123887803818,12.999998728434244
1621205669.1831057,23.6,30.3,19.85226101345486,12.999998728434244
1621205679.4516761,23.5,30.2,19.803780449761284,12.999998728434244
1621205689.6209562,23.7,30.3,19.852366977267796,12.999998728434244
1621205699.890728,23.5,30.2,19.753888448079426,12.999998728434244
1621205710.0600274,23.6,30.2,19.705369737413193,12.999998728434244
1621205720.468424,23.5,30.3,19.752294752332897,12.999998728434244
1621205730.7379696,23.5,30.2,19.71371120876736,12.999998728434244
1621205740.9078794,23.4,30.2,19.6142578125,12.999998728434244
1621205751.178772,23.5,30.2,19.663208855523003,12.999998728434244
1621205761.3486257,23.6,30.2,19.65831756591797,12.999998728434244
1621205771.757319,23.5,30.2,19.66499752468533,12.999998728434244
1621205782.0263898,23.7,30.3,19.60628933376736,12.999998728434244
1621205792.196109,23.7,30.2,19.611807929144966,12.999998728434244
1621205802.4666264,23.5,30.2,19.57191891140408,12.999998728434244
1621205812.636752,23.5,30.2,19.61684332953559,12.999998728434244
1621205823.0454304,23.5,30.2,19.614406161838108,12.999998728434244
1621205833.3144372,23.7,30.2,19.66587914360894,12.999998728434244
1621205843.4843085,23.7,30.2,19.612965053982204,12.999998728434244
1621205853.7549412,23.5,30.2,19.617042541503906,12.999998728434244
1621205863.9251876,23.5,30.2,19.66062757703993,12.999998728434244
1621205874.3341193,23.4,30.2,19.715427822536892,12.999998728434244
1621205884.6039634,23.5,30.2,19.70971425374349,12.999998728434244
1621205894.774046,23.5,30.2,19.712435404459637,12.999998728434244
1621205905.0448875,23.5,30.2,19.759076436360676,12.999998728434244
1621205915.2152917,23.4,30.2,19.751658969455296,12.999998728434244
1621205925.6241126,23.6,30.2,19.842711554633247,12.999998728434244
1621205935.8940027,23.5,30.2,19.84522925482856,12.999998728434244
1621205946.0646095,23.4,30.2,19.79827880859375,12.999998728434244
1621205956.3355772,23.4,30.2,19.842635260687935,12.999998728434244
1621205966.5053074,23.5,30.2,19.894188774956596,12.999998728434244
1621205976.9137733,23.7,30.2,19.884461296929253,12.999998728434244
1621205987.183343,23.5,30.2,19.936786227756077,12.999998728434244
1621205997.3526375,23.5,30.2,19.937252468532986,12.999998728434244
1621206007.6229239,23.5,30.2,19.979832967122395,12.999998728434244
1621206017.7926025,23.7,30.2,19.987140231662327,12.999998728434244
1621206028.2005413,23.7,30.2,20.030428568522137,12.999998728434244
1621206038.4700265,23.6,30.2,19.98400370279948,12.999998728434244
